[

		{

			"name":"test",
			"alias":["testing","123"],
			"permission":["admin"],
			"asset":"test",
			"description":"test command"
		},
   {

			"name":"users help",
			"alias":["users","usershelp", "USERS", "USERSHELP"],
			"permission":["admin"],
			"asset":"users",
			"description":"users command"
		},
   {

			"name":"help",
			"alias":["help","Help", "HELP", "?"],
			"permission":[],
			"asset":"help",
			"description":"help page command"
		},
   {

			"name":"electrictone",
			"alias":["electric","electrictone", "Electric", "ElectricTone", "ELECTRIC", "ELECTRICTONE"],
			"permission":[],
			"asset":"xenemaAPI",
			"description":"ElectricAPI Methods command"
		},
   {

			"name":"methods",
			"alias":["methods","Methods", "METHODS"],
			"permission":[],
			"asset":"methods",
			"description":"methods page command"
		},
   {

			"name":"xenema",
			"alias":["XENEMA","Xenema", "xenema"],
			"permission":[],
			"asset":"xenemaAPI",
			"description":"xenemaAPI methods page command"
		},

        	{

			"name":"example",
			"alias":["ex"],
			"permission":[],
			"asset":"example.txt",
			"description":"This is an example command"
		},

		{
			"name":"myinfo",
			"alias":["acccount","info"],

            "-Comment- Remove this line" : "You do not need to define empty types such as a command with no permissions needed!",

			"asset":"accountinfo",
			"description":"returns user info"
		}

]